Year,Driver,Stint,Compound,a,b,c,Laps
2023,PIA,1.0,SOFT,-0.009270396270395304,0.12260839160837952,46.28396969696971,11
